item,price,min_order
Colorful 550 Paracord 7 Core Parachute Cord Survival Outdoor Roll Drable Rope,$0.02-0.04,Min. order: 1,000 meters
Wholesale 100FT 550 Paracord Parachute Cord Lanyard Rope Mil Spec Type III 7Strand Climbing Camping Survival Equipment,$1.52,Min. order: 100 pieces
550 Paracord Rope Kid's Survival Hand-woven Bracelet Party Gift Outdoor Activity Gift,$0.05,Min. order: 33,000 meters
550lb 7-Core Paracord Rope 4mm Outdoor Parachute Cord Camping Survival Umbrella Tent Bundle Bag Accessory Rope A0016,$3.65,Min. order: 5 pieces
4mm Custom Wholesale Survival Hiking 550 Paracord Rope 100m/Roll,$0.02-0.04,Min. order: 1,000 meters
Whole Sales Braided 7 Strand Survival Paracord 550 4mm 2mm 3mm 5mm Polyester Parachute Cord 750 Lbs Nylon Rope,$0.05-0.06,Min. order: 1 meter
Polyester Rope Camping Rope Hiking Fishing Survival Parachute Cord - Outdoor Hammock,$0.06-0.08,Min. order: 1,000 meters
4mm Custom Wholesale Survival Hiking 550 Paracord Rope 100m/Roll,$4.69,Min. order: 2 rolls
Outdoor Bracelet Braided Rope 9 Core 550 Nylon Paracord Tent Windproof Rope Canopy Drawstring Emergency Rescue Rope,$3.83,Min. order: 2 rolls
2022 Wholesale Polyester Survival Paracord Rope 100m 7 Strand 1mm 2mm 3mm 4mm 6mm 8mm 10mm Nylon Parachute Cord 750 550 Paracord,$0.06-0.10,Min. order: 1,000 meters
Wholesale Polyester Braided Drawstring Cord Colorful Waterproof Coated Hoodie Drawcord Tips Drawstring Shoelace,$0.38,Min. order: 100 yards
Customized Polyester Nylon Climbing Rope Camping Hiking Fishing Outdoor Para Cord 3mm 4mm 6mm 8mm 10mm Paracord 550 Al Por Mayor,$0.08-0.15,Min. order: 1,000 meters
Hot Sale Gear For Multi-Purpose Outdoor Survival 550 Paracord,$0.02-0.045,Min. order: 100 feet
Kongbo 550 50ft 100ft Nylon Cuerda Survival Diy Cheap Paracord Piola Schnur Roll Wholesale Al Por Mayor,$0.89,Min. order: 2 rolls
Colored Polyester Braided Cord Custom 5 Mm Round Polyester Drawstring Cord,$0.15-0.18,Min. order: 500 yards
2025 DIY Colorful Leash Rosary Beads Paracord Charm Length Nylon Survival 6mm Paracord Bracelet Cord,$2.30-2.80,Min. order: 50 pieces
Baiyuheng Factory Sale Strands Braided Customized Survival 550 Paracord 1.5mm 2mm 3mm 4mm 5mm 6mm Polyester Rope Braided Rope,$0.04-0.23,Min. order: 31 meters
Different Colors 550 Paracord Nylon 7 Strand Core 100meters Parachute Climbing Rope Outdoor Survival Equipment,$0.05,Min. order: 100 meters
Colored Braided Woven Round Dog Leash Custom Nylon Polyester Rope Polypropylene PP Braided Rope,$0.38,Min. order: 100 meters
200+ Colours 100ft Bundle Survival Nylon 550 Paracord Rope 4mm Wholesale,$4.99,Min. order: 10 pieces
8mm 10mm 12mm 14mm 16mm Hiking Mountaineering Rescue Fire Escape Rope Rappelling Safety Rope Climbing Rope For Outdoor,$0.20-0.50,Min. order: 20 meters
100 Meter Custom Colors Wholesale 550 Paracord Survival Lanyard Cord Rope Outdoor 9 Strands Paracord Spool,$4.50,Min. order: 2 rolls
Customizable Dog Bike Leash With Waterproof Tactical Reflective Braided Nylon Solid Pattern And Lace Decoration Slip Lead Rope,$0.60-0.65,Min. order: 5 pieces
7-Strand Core Paracord,100 Feet Strong Polyester Rope,Multipurpose Parachute Cord for Outdoor Survival Tent,$0.45,Min. order: 24,000 meters
Wholesale Pet Leashes Clasp Climb Variety Color Handsfree Reflective Nylon Braided Rope Dog Leash With Soft Padded Handle,$0.60-0.65,Min. order: 5 pieces
Wholesale Colorful 550 Paracord 4mm 7 Core Survival Rope 10M Per Roll for Camping &Hiking,$0.32-0.46,Min. order: 1 roll
Usa Wholesale Custom 100% Nylon 100 Feet 2mm 3mm 4mm Reflective Camping Survival Parachute Cord Rope for Bracelet Paracord 550,$0.09,Min. order: 3,000 meters
JKSS-003 4mm Outdoor Parachute Cord Lanyard 7 Strands Core Nylon Cord 550 Paracord Survival Rope 31Meters/Lot,$1.20,Min. order: 2 pieces
Wholesale Eco-Friendly Twisted Polyester Macrame Cord Custom Colors OEKO-TEX Certified For Bag Cord String Rope Handle Strap,$0.10-0.22,Min. order: 200 meters
Colorful 550 Paracord 7 Core 3M/ Roll Parachute Cord Survival Outdoor Roll Drable Rope,$0.17,Min. order: 3 rolls
Hot Sale 10mm/10.5mm/11mm/12mm Braided Nylon Static Kernmantle Ropes Outdoor Static Safety Ropes,$0.97,Min. order: 20 meters
Paracord 4mm 9cores for Camping Climbing Rope, 100m Spools Nylon Rope Tactical Paracord 550,$3.40,Min. order: 2 pieces
Wholesale 550LB Seven Core Paracord for Outdoor Survival Cool Outdoor Hunting Scraper Paracode Bracelet Paracord Survival, China,$0.02-0.06,Min. order: 500 meters
550lb 7-Core Paracord Rope 4mm Outdoor Polyester Parachute Cord Camping Survival Umbrella Tent Bundle Bag Accessory Rope Strand,$4,Min. order: 31 meters
Baiyuheng Customized Hiking Survival Rescue Camping Paracord Bracelet,$0.62-4,Min. order: 1 piece
Hot-sale Forest Adventure Mountain-climbing Braided Para Cord Bracelets & Bangles Black Survival Bracelet Patterns,$0.42,Min. order: 500 pieces
4mm Diameter 100m Length High Strength 550 Pattern Paracord with 9 Strands for Outdoor Camping Use,$3-4.50,Min. order: 1 roll
Quick Setup Outdoor Camping Rope Ratchet Pulley 4mm Nylon Aluminium Guy Lines Adjustable Tent Tie Downs Rope Hanger Hiking,$0.70,Min. order: 2 pieces
High Quality 8mm 10mm 12mm 14mm Dynamic Safety Rope Paracord Factory Price Tree Climbing Gear with 10mm Climbing Rope Collar,$0.21-0.99,Min. order: 10 meters
Multicolor 7 Strands 550 Paracord 31 Meters 750 100FT Braided Nylon Paracord Polyester Paracord 4mm,$0.80-1,Min. order: 5 sets
550 Nylon Braided Paracord Rope 7 Strands for Survival 3mm & 4mm Polyester for Camping & Outdoor Use on Shoes & Bags,$0.05,Min. order: 1,000 meters
Custom Parachute Cord Rope Paracord Keychain Charm Rope Braided Lanyard Keychain Diy Rope Keychain Accessories,$0.11-0.15,Min. order: 20 pieces
Factory Custom Paracord Rope Slip Lead Rope Pet Leash and Collar Set for Training Dogs,$1.99-3.20,Min. order: 100 pieces
4mm Army Green Strong Survive Outdoors Polyester Fibre Strand Rope Round Paracord Cord for Bracelet DIY Jewelry Making,$0.07,Min. order: 500 meters
4mm Diameter 100m 328 Feet Length High Strength 550 Pattern Paracord with 9 Strands for Outdoor Camping Use,$4.50,Min. order: 1 piece
4mm Paracord Polyester Rope Paracord 550 for Tent Camping Hiking Survival Parachute Cord Dog Leash Rope,$2.99-3.99,Min. order: 1,000 kilograms
New Strong Rope Hand Made Paracord Dog Collar & Rope Leash From the Wedding Collection for Large Dog Collar and Leash Set,$13.98,Min. order: 100 sets
Wholesale Custom Chicken Buckle Paracord Bracelet Brazilian Jiu-Jitsu Ribbon Paracord Bracelet,$0.83,Min. order: 10 pieces
